loss,descr,abbr
57.022,Glycine,G
69.021,Dehydroalanine (Dha),S/C
71.037,D-Alanine,S
71.037,Alanine,A
72.021,oxopropionic acid,NH2-S
74.036,2-hydroxypropionic acid,NH2-S
83.037,Dehydrobutyrine (Dhb),T
86.036,2-oxobutyric acid,NH2-T
87.032,Serine,S
97.053,Proline,P
99.068,Valine,V
100.076,"N,N-dimethyl-alanine",NH2-A
101.048,Threonine,T
103.009,Cysteine,C
113.047,monohydroxy-proline,P
113.084,Isoleucine,I
113.084,Leucine,L
114.043,Asparagine,N
115.027,Aspartic acid ,D
125.035,Gly-oxazole,G-S
127.051,Gly-oxazoline,G-S
128.059,Glutamine,Q
128.095,Lysine,K
129.042,dihydroxy-proline,P
129.042,Glutamic acid ,E
131.021,Î²-hydroxy-aspartate,D
131.041,Methionine,M
137.034,Dha-oxazole,S/C-S
137.059,Histidine,H
139.05,Ala-oxazole,A-S
139.05,Dha-oxazoline,S/C-S
139.051,Gly-methyloxazole,G-T
141.012,Gly-thiazole,G-C
141.066,Gly-methyloxazoline,G-T
141.066,Ala-oxazoline,A-S
143.028,Gly-thiazoline,G-C
147.068,Phenylalanine,F
151.05,Dhb-oxazole,T-S
151.05,Dha-methyloxazole,S/C-T
153.011,Dha-thiazole,S/C-C
153.065,Dha-methyloxazoline,S/C-T
153.066,Dhb-oxazoline,T-S
153.066,Ala-methyloxazole,A-T
155.027,Ala-thiazole,A-C
155.027,Dha-thiazoline,S/C-C
155.045,Ser-oxazole,S-S
155.081,Ala-methyloxazoline,A-T
155.094,dimethylallyl-serine,S
156.101,Arginine,R
157.043,Ala-thiazoline,A-C
157.061,Ser-oxazoline,S-S
160.043,N-formyl-methionine,NH2-M
163.063,Tyrosine,Y
165.066,Pro-oxazole,P-S
165.066,Dhb-methyloxazole,T-T
167.027,Dhb-thiazole,T-C
167.081,Dhb-methyloxazoline,T-T
167.081,Val-oxazole,V-S
167.082,Pro-oxazoline,P-S
169.043,Dhb-thiazoline,T-C
169.061,Thr-oxazole,T-S
169.061,Ser-methyloxazole,S-T
169.097,Val-oxazoline,V-S
169.11,dimethylallyl-threonine,T
171.022,Ser-thiazole,S-C
171.022,Cys-oxazole,C-S
171.076,Ser-methyloxazoline,S-T
171.077,Thr-oxazoline,T-S
173.038,Ser-thiazoline,S-C
173.038,Cys-oxazoline,C-S
179.082,Pro-methyloxazole,P-T
181.043,Pro-thiazole,P-C
181.097,Pro-methyloxazoline,P-T
181.097,Leucine-oxazole,L-S
181.097,Isoleucine-oxazole,I-S
181.097,Val-methyloxazole,V-T
182.056,Asn-oxazole,N-S
183.04,Asp-oxazole,D-S
183.058,Val-thiazole,V-C
183.059,Pro-thiazoline,P-C
183.077,Thr-methyloxazole,T-T
183.112,Val-methyloxazoline,V-T
183.113,Leucine-oxazoline,L-S
183.113,Isoleucine-oxazoline,I-S
184.072,Asn-oxazoline,N-S
185.038,Thr-thiazole,T-C
185.038,Cys-methyloxazole,C-T
185.056,Asp-oxazoline,D-S
185.074,Val-thiazoline,V-C
185.092,Thr-methyloxazoline,T-T
186.079,Tryptophan,W
186.999,Cys-thiazole,C-C
187.053,Cys-methyloxazoline,C-T
187.054,Thr-thiazoline,T-C
189.015,Cys-thiazoline,C-C
195.113,Leucine-methyloxazole,L-T
195.113,Isoleucine-methyloxazole,I-T
196.072,Gln-oxazole,Q-S
196.072,Asn-methyloxazole,N-T
196.108,Lys-oxazole,K-S
197.056,Glu-oxazole,E-S
197.056,Asp-methyloxazole,D-T
197.074,Leucine-thiazole,L-C
197.074,Isoleucine-thiazole,I-C
197.128,Leucine-methyloxazoline,L-T
197.128,Isoleucine-methyloxazoline,I-T
198.033,Asn-thiazole,N-C
198.087,Asn-methyloxazoline,N-T
198.088,Gln-oxazoline,Q-S
198.124,Lys-oxazoline,K-S
199.017,Asp-thiazole,D-C
199.053,Met-oxazole,M-S
199.071,Asp-methyloxazoline,D-T
199.072,Glu-oxazoline,E-S
199.09,Leucine-thiazoline,L-C
199.09,Isoleucine-thiazoline,I-C
200.049,Asn-thiazoline,N-C
201.033,Asp-thiazoline,D-C
201.069,Met-oxazoline,M-S
205.072,His-oxazole,H-S
207.088,His-oxazoline,H-S
210.088,Gln-methyloxazole,Q-T
210.124,Lys-methyloxazole,K-T
211.072,Glu-methyloxazole,E-T
212.049,Gln-thiazole,Q-C
212.085,Lys-thiazole,K-C
212.103,Gln-methyloxazoline,Q-T
212.139,Lys-methyloxazoline,K-T
213.033,Glu-thiazole,E-C
213.069,Met-methyloxazole,M-T
213.087,Glu-methyloxazoline,E-T
214.065,Gln-thiazoline,Q-C
214.101,Lys-thiazoline,K-C
215.03,Met-thiazole,M-C
215.049,Glu-thiazoline,E-C
215.081,Phe-oxazole,F-S
215.084,Met-methyloxazoline,M-T
217.046,Met-thiazoline,M-C
217.097,Phe-oxazoline,F-S
219.088,His-methyloxazole,H-T
220.04,5-chlorotryptophan,W
221.049,His-thiazole,H-C
221.103,His-methyloxazoline,H-T
223.065,His-thiazoline,H-C
224.114,Arg-oxazole,R-S
226.13,Arg-oxazoline,R-S
229.097,Phe-methyloxazole,F-T
231.058,Phe-thiazole,F-C
231.076,Tyr-oxazole,Y-S
231.112,Phe-methyloxazoline,F-T
231.125,dimethylallyl-tyrosine,Y
233.074,Phe-thiazoline,F-C
233.092,Tyr-oxazoline,Y-S
238.13,Arg-methyloxazole,R-T
240.091,Arg-thiazole,R-C
240.145,Arg-methyloxazoline,R-T
242.107,Arg-thiazoline,R-C
245.092,Tyr-methyloxazole,Y-T
247.053,Tyr-thiazole,Y-C
247.107,Tyr-methyloxazoline,Y-T
249.069,Tyr-thiazoline,Y-C
254.092,Trp-oxazole,W-S
256.108,Trp-oxazoline,W-S
265.062,S-glucosyl-cysteine,C
268.108,Trp-methyloxazole,W-T
270.069,Trp-thiazole,W-C
270.123,Trp-methyloxazoline,W-T
272.085,Trp-thiazoline,W-C
287.103,N-succinyltryptophan ,NH2-W
323.212,Geranyl-tryptophan,W
391.274,Farnesyl-tryptophan,W
